type_of_prompt,temperature,n_edges,n_nodes,density
positive,0.1,12138,1460,0.011396434037199433
positive,0.7,15287,1671,0.010956184578777813
positive,1.3,432485,28470,0.0010671890621097569
negative,0.1,13310,1462,0.012462651838826357
negative,0.7,17650,1820,0.010662784164708299
negative,1.3,442470,28579,0.0010835150939882308
